Month,Mean TemperatureF
Apr,53.1
Aug,70.0
Dec,34.935483870967744
Feb,28.714285714285715
Jan,32.354838709677416
Jul,72.87096774193549
Jun,70.13333333333334
Mar,35.0
May,62.612903225806456
Nov,39.8
Oct,55.451612903225815
Sep,63.76666666666666